query-id	corpus-id	score
1682	23179372	1
3722	26997282	1
1235	20215713	1
2103	26530723	1
1713	23074401	1
496	25514659	1
3836	31196834	1
612	20637221	1
813	18346126	1
165	23182945	1
106	23671339	1
2396	27892769	1
2965	28370177	1
1996	27539526	1
2662	23204322	1
1948	19160492	1
4071	17721227	1
465	21117539	1
1691	22055460	1
3458	23250022	1
1878	22722342	1
121	25519680	1
4709	33307872	1
4615	34110722	1
1195	22565760	1
3944	26361024	1
4147	8527967	1
763	18031713	1
4524	34107136	1
3952	32011192	1
3765	20049699	1
3857	32562029	1
1376	22972992	1
3426	29197875	1
4392	29594035	1
995	14530176	1
2251	22479200	1
671	12208164	1
3940	31660152	1
343	23147248	1
2702	27264557	1
1282	19948482	1
4579	34862880	1
2484	26776207	1
1726	22305159	1
4487	33638305	1
1987	23924899	1
3418	9587066	1
2307	26268193	1
4437	19105408	1
416	22968481	1
4448	31301033	1
2483	20438784	1
339	8411203	1
647	21199105	1
3617	10566200	1
3206	29531424	1
4564	34244665	1
1693	12050112	1
4120	31675472	1
1234	25840010	1
2770	15909992	1
3787	25639508	1
2905	24667717	1
2237	27370569	1
3039	30205177	1
284	25641220	1
2298	10073572	1
4310	32409089	1
4601	30719578	1
3810	28035551	1
4231	32674208	1
2450	28241736	1
1674	17946720	1
2818	28924672	1
4230	32168452	1
4327	32786546	1
816	17392515	1
4204	22435808	1
904	18033728	1
3266	29137239	1
2283	28407038	1
3926	32689928	1
3297	28622736	1
3843	27347137	1
4096	29217730	1
3686	23144237	1
1317	21860772	1
1908	23840513	1
1596	20880963	1
629	20599721	1
670	24077282	1
395	16978272	1
957	22009156	1
285	23945733	1
4468	32868918	1
1695	8864644	1
3839	21456524	1
4062	29209056	1
4036	33057672	1
2599	24690977	1
2277	25409831	1
3201	28928081	1
1862	25379384	1
4189	31242752	1
3320	18447746	1
3520	29321253	1
211	16672832	1
3341	24667640	1
1042	23701638	1
2381	24014378	1
2436	28752224	1
2191	26728715	1
461	20850564	1
3312	26351520	1
3990	32865304	1
1484	14977793	1
4301	34047392	1
879	19714338	1
1104	15922277	1
2066	25939784	1
1505	14745222	1
2126	15226563	1
4682	26439747	1
2177	22495304	1
1447	15183554	1
1528	15916100	1
772	7620118	1
3732	11768602	1
4570	34117353	1
3405	28862574	1
4711	34505967	1
3049	29358629	1
656	14963686	1
1337	15039233	1
325	22245792	1
599	24304610	1
959	25220802	1
2290	16973436	1
3437	25485886	1
4642	20356359	1
1984	26685307	1
2783	28381231	1
1586	24097267	1
628	21548832	1
1681	6592581	1
2274	28196106	1
244	11577024	1
782	25894691	1
3519	29895698	1
3769	32096284	1
3303	29054129	1
3448	29047301	1
2759	20820472	1
2945	27216072	1
541	18279518	1
2911	29028909	1
2648	28430627	1
3726	29129088	1
2927	29089721	1
2555	28459942	1
1757	24167709	1
1444	18673445	1
4005	31969328	1
3136	27653758	1
1760	18021920	1
1453	25520769	1
3632	29499588	1
2405	22927401	1
3017	28067908	1
437	22017589	1
1397	26084259	1
2570	26633090	1
4045	22827758	1
2999	30291343	1
3854	30285185	1
3580	29788192	1
2530	28992906	1
134	22662273	1
3982	32266704	1
2843	29327913	1
1665	18978305	1
3207	15679840	1
3497	29887379	1
155	23446346	1
185	22101825	1
60	17001349	1
1773	23294276	1
3558	25249568	1
4607	34413140	1
2590	21493184	1
790	14500064	1
2280	27052640	1
3188	28406466	1
4192	27631111	1
1169	23376192	1
3209	29413774	1
309	23391427	1
1750	26425441	1
3692	28933601	1
1059	24178563	1
4138	7939730	1
1491	21206757	1
609	11931232	1
1945	25477509	1
3657	1824645	1
3638	26516064	1
2171	8592224	1
4101	25024773	1
2244	1379232	1
4254	34757206	1
3824	32038992	1
4134	25380956	1
1159	24123008	1
4029	32728595	1
3110	26137081	1
1406	22709892	1
1645	21136256	1
3054	28780612	1
3474	25224968	1
509	18045856	1
3006	29697153	1
3319	26938566	1
4053	31785177	1
2127	25378307	1
4400	31936187	1
2340	26095746	1
2556	28025282	1
251	20005186	1
2401	11559751	1
4710	34642274	1
3625	28039265	1
1935	26342387	1
316	9099905	1
1992	9112448	1
874	23866593	1
1160	26152132	1
3669	2451706	1
3508	28012176	1
2470	26865511	1
1441	24510436	1
2879	28450637	1
1279	9381026	1
2438	27450626	1
3545	30312216	1
440	7474061	1
3994	28067910	1
1307	23279204	1
2991	20691136	1
195	19006851	1
323	17622371	1
3511	26673799	1
2913	27999985	1
2031	26850179	1
314	25186601	1
1030	16987878	1
118	22795129	1
893	21699851	1
947	21702048	1
2975	30167841	1
41	24056933	1
1543	8879267	1
4116	26634309	1
1244	25079683	1
4352	34881402	1
3001	29369293	1
2288	28355556	1
373	17615296	1
1158	22127713	1
3907	30776422	1
434	12894594	1
1313	19034401	1
4658	32589708	1
639	23001136	1
1515	24216225	1
2447	25373504	1
4549	30862089	1
769	24045665	1
1623	24125847	1
1985	27941336	1
1101	21987714	1
3849	30335168	1
1784	22426368	1
4558	34061450	1
2851	28416184	1
3800	31602563	1
1832	27587683	1
111	24925090	1
1624	21364800	1
2411	16061113	1
1697	1331777	1
3865	32905675	1
4087	30504800	1
3080	19918272	1
2923	26523632	1
320	18067809	1
1906	26819472	1
4288	28696420	1
2152	23918810	1
1301	1996802	1
1937	21319793	1
972	21426944	1
3991	31579938	1
2547	22206790	1
3928	31965987	1
2779	27940404	1
956	21955456	1
2222	24486016	1
2798	30120738	1
526	15936275	1
3605	23229448	1
3705	26305889	1
2548	25156675	1
1070	23697028	1
2898	29665120	1
2161	19910535	1
1373	16006304	1
3778	18270852	1
2512	18793760	1
4477	32444192	1
1588	21963854	1
1034	20015528	1
4347	34875308	1
932	9001190	1
3022	30413378	1
4109	29449600	1
757	10744320	1
3191	26438538	1
4705	33598857	1
1365	18786252	1
2378	25182241	1
2116	24843030	1
219	11498704	1
978	23704573	1
4500	32891715	1
3354	31375588	1
1016	22962458	1
1887	20926643	1
3047	30016770	1
433	26046039	1
673	24092929	1
1499	23647072	1
4149	25612864	1
988	12777511	1
1062	23483616	1
3394	31171755	1
4337	34564706	1
847	15143174	1
570	8048706	1
747	24092421	1
3404	28385352	1
4532	20721668	1
2566	26845027	1
2544	27474376	1
1849	19458616	1
4037	24155139	1
1708	22206666	1
3637	29483269	1
3950	27573763	1
4228	15593221	1
2967	29477724	1
4537	34434441	1
1396	61441	1
2944	30201700	1
3523	8049444	1
1079	24206177	1
525	19666486	1
3796	22777229	1
4215	27087232	1
2346	9120866	1
3634	25376608	1
3104	25505382	1
3346	28931371	1
2069	26358182	1
2135	22787202	1
3731	28515625	1
4157	14732961	1
3815	9012519	1
4503	18463136	1
2037	24491904	1
687	16049921	1
3967	31709696	1
983	17203459	1
3361	6226660	1
4358	34245817	1
2117	20542434	1
1352	19830689	1
4718	30580288	1
1374	20971907	1
1911	19828738	1
2902	26892289	1
3028	29522278	1
3599	30588322	1
4048	32393641	1
2297	27480489	1
2167	25958395	1
2392	17080288	1
3464	26049728	1
4455	2038147	1
2316	28109959	1
3883	32677452	1
1045	17298950	1
1214	12730117	1
4614	33137401	1
1157	22954629	1
4095	28412960	1
4	22867712	1
3494	28189763	1
4051	32557339	1
1297	19131648	1
2709	17050378	1
2292	29145888	1
1113	23507588	1
815	9430400	1
157	22155237	1
4241	34136961	1
39	19571232	1
3043	30093505	1
1051	22209284	1
1252	23540417	1
2649	26934530	1
887	25891173	1
3942	29680938	1
4165	32591783	1
958	23847141	1
4712	33559681	1
1667	22649506	1
2529	10623985	1
3221	18191042	1
2954	30140466	1
1673	21311168	1
2496	23965473	1
3729	30447999	1
3045	29449508	1
327	15817328	1
3549	29334914	1
4332	32786546	1
1479	19498465	1
4197	2176962	1
4581	18158835	1
3600	8078586	1
1729	21062273	1
650	17550915	1
2792	16802291	1
2335	29069650	1
2665	28073888	1
4469	34176192	1
1425	19656325	1
3859	19488000	1
224	22879880	1
432	18856066	1
551	19579175	1
1097	19951746	1
1382	23024658	1
1133	25542499	1
3363	22702336	1
3710	23593142	1
4418	31606247	1
290	7702086	1
2904	29500635	1
4356	34539392	1
3598	28382457	1
818	23313345	1
3823	26673713	1
3745	28460050	1
4694	34849585	1
1345	22726460	1
1055	21264352	1
927	19204208	1
3583	29532440	1
379	15143168	1
1733	19076450	1
2016	21670341	1
340	16784548	1
1327	25326752	1
3493	29310832	1
4132	29907817	1
1998	24278273	1
3652	30805057	1
574	25529221	1
614	24614105	1
4592	34256819	1
2955	30137632	1
885	17293442	1
1712	17210241	1
2815	29996107	1
1531	21303950	1
1774	12091129	1
625	3289612	1
2633	21208982	1
367	22339463	1
2490	24564250	1
800	19969543	1
2090	2629632	1
1734	24287559	1
1471	17697977	1
1176	18685925	1
4158	32345345	1
4013	30726693	1
755	23951168	1
2148	25385797	1
4453	32976962	1
3003	29461065	1
3409	24564768	1
3306	26832418	1
801	24079768	1
3884	25158796	1
1186	17686849	1
2471	20500033	1
482	23208322	1
348	23107651	1
1200	22021377	1
4207	32078672	1
662	23680005	1
3367	28168704	1
3248	30246318	1
4025	33049114	1
2233	15653632	1
3672	11463840	1
95	19369356	1
4368	34269473	1
3232	28806018	1
363	24112897	1
4533	9658274	1
92	20384580	1
1349	23433107	1
3610	29540258	1
2085	23940802	1
3308	20415555	1
3300	18988810	1
3153	22274814	1
3087	27802242	1
1432	16087681	1
648	9659909	1
1672	18371328	1
4110	29265152	1
2093	27588474	1
2232	25600067	1
104	14722917	1
1302	22525353	1
1870	26300264	1
1628	21473027	1
4041	28290978	1
3850	18472258	1
3528	25141962	1
1611	23617253	1
4085	21679365	1
3641	23144237	1
3975	21861760	1
3666	28376086	1
1056	24269346	1
4082	24361131	1
965	22495300	1
4325	33112505	1
872	9213191	1
1512	9475589	1
3393	29512131	1
4458	31606858	1
1134	25618141	1
2509	29055930	1
3030	29103968	1
1718	17526017	1
429	23476832	1
1688	24269728	1
3781	33245860	1
3646	29553579	1
1131	12615002	1
1840	23208833	1
3343	29610169	1
4250	27049060	1
1183	23037716	1
3536	10408177	1
2524	28601921	1
1660	21424386	1
503	25406050	1
1161	23271797	1
3055	29266590	1
310	15046306	1
3398	29436336	1
2218	25495907	1
3079	28284702	1
829	25682017	1
2071	27034376	1
4063	30550780	1
1648	24108416	1
3098	28877872	1
1564	24980705	1
4472	28212378	1
1218	23664448	1
383	21852499	1
3287	18061376	1
1219	18371137	1
85	23604321	1
2698	29026368	1
1934	27118336	1
1448	17545288	1
3425	29197875	1
2640	26259424	1
2255	28746875	1
1350	15564294	1
1253	25085251	1
3234	29398602	1
2357	19534241	1
3	22955974	1
209	25388161	1
204	16468993	1
3186	26697860	1
2142	20624921	1
553	12029088	1
241	19574499	1
307	21278336	1
1845	27723753	1
1171	25561219	1
4461	30190953	1
3195	28586632	1
3252	26222134	1
728	23588999	1
237	19396832	1
4114	31794792	1
1344	9515812	1
1646	19196800	1
458	21351810	1
2479	27591080	1
3115	18697201	1
930	20970105	1
3131	28609185	1
1014	12202754	1
2408	25874001	1
3572	30244834	1
1464	22972224	1
2889	23819169	1
843	18824640	1
4357	34301753	1
2225	16973436	1
4336	32500032	1
2552	26983749	1
101	21559008	1
2372	28293277	1
3280	20603160	1
2452	26168040	1
3826	16707458	1
727	24518144	1
1986	11309216	1
4219	24672280	1
3957	16777955	1
3313	29511456	1
2953	30093505	1
3382	19117896	1
4349	33271095	1
4125	33119048	1
2988	11921024	1
3093	27653758	1
368	21415143	1
128	18786252	1
2724	17616515	1
2828	29243545	1
3762	31859424	1
1078	2895008	1
2234	25398208	1
3888	31300657	1
3604	25838885	1
3930	31192604	1
2562	2019970	1
2934	22544901	1
1057	21440544	1
2124	25877920	1
952	19609889	1
1568	22377249	1
3561	30073633	1
3331	28941963	1
1749	22034058	1
2257	14973280	1
1785	24451624	1
4238	34881402	1
1268	17270048	1
1821	23471908	1
3735	29643105	1
851	19183745	1
1962	17531113	1
3973	17384198	1
400	24449200	1
59	21586625	1
2593	25957677	1
3032	29177435	1
3629	27642581	1
2156	26070627	1
1556	17577921	1
145	24035586	1
2341	29088312	1
304	18483370	1
700	19861158	1
1455	20068481	1
3174	28976302	1
4505	26168008	1
652	20392737	1
1739	17434631	1
1312	19515781	1
345	26052092	1
2536	24253304	1
108	26557057	1
1889	10631175	1
649	18073483	1
2628	27278863	1
3339	25726088	1
4689	27048983	1
2020	26628586	1
4535	32903584	1
3744	33262810	1
2589	26590112	1
759	23917025	1
2427	28334349	1
849	11641441	1
3348	23826179	1
595	14695169	1
4105	32256703	1
1139	15564032	1
1000	24466013	1
804	23737378	1
1300	24934289	1
1126	20126594	1
3876	32266704	1
1335	20890872	1
4326	34585473	1
2042	25497728	1
140	22172672	1
2098	26796034	1
1358	7652577	1
154	18057380	1
4308	34145047	1
1824	19563393	1
3996	33300069	1
871	20628353	1
3310	28413388	1
2574	10961536	1
2336	7731693	1
2032	17803944	1
329	23666688	1
1921	16917665	1
4198	24586913	1
388	8184547	1
2989	28852705	1
2213	25848939	1
2669	28368308	1
1809	8985734	1
231	25242375	1
3640	23232545	1
4130	30355343	1
1879	16329988	1
934	17229322	1
2384	28751490	1
862	23007140	1
1342	16551269	1
1724	19214283	1
3384	18268003	1
3851	31695717	1
3606	19478627	1
906	25013953	1
1931	21824004	1
24	20682973	1
1498	22278370	1
4307	32266704	1
940	23227840	1
3885	33005306	1
2212	24313804	1
3160	22580100	1
1737	10963843	1
2918	29088312	1
2985	30069765	1
1119	22306880	1
3103	22612266	1
4153	2050307	1
2089	27067649	1
4208	28849097	1
920	24140113	1
809	19562753	1
105	19345254	1
3135	26242768	1
2169	16990592	1
1658	22416705	1
2366	24650116	1
263	25941633	1
4315	23857752	1
3365	10508587	1
1814	26001984	1
1084	15292170	1
987	25936802	1
781	19079621	1
4299	29501724	1
3891	31705720	1
2514	24753153	1
3236	23735074	1
4699	31552185	1
1002	21672583	1
3083	29092025	1
888	23271586	1
3336	28874668	1
537	18832581	1
2246	28035815	1
2695	19127040	1
4663	34535671	1
1287	25116390	1
1330	24278531	1
4548	29216683	1
4104	28484260	1
1392	20729633	1
1652	15689345	1
516	24722048	1
3470	18089789	1
680	23848964	1
396	17188616	1
856	23511973	1
4052	30404778	1
4603	33938912	1
4433	34322897	1
792	26221287	1
4224	33156866	1
3860	11111843	1
2415	27034777	1
832	10614532	1
2137	25997738	1
557	17229476	1
3862	21491367	1
4405	31040920	1
2323	25771422	1
1351	24226375	1
262	22967682	1
3442	19481194	1
2583	27484196	1
2638	16843264	1
2201	26544571	1
3766	25125216	1
4661	34500336	1
2849	10221642	1
1109	16761498	1
1765	20693440	1
1529	1657218	1
2014	21111233	1
1685	24838624	1
1389	18497856	1
2426	21358337	1
2635	15640252	1
3163	29501911	1
3788	27567808	1
2338	28007912	1
2757	21455272	1
1912	27520322	1
1557	26156998	1
2946	29847465	1
3624	30504800	1
2581	28887402	1
3485	29524657	1
2731	24382176	1
49	24037088	1
2425	28581502	1
4291	33155136	1
1328	7697953	1
2573	28633445	1
4486	17604233	1
3819	28426820	1
4235	32297990	1
976	11891681	1
2422	28605519	1
923	22889989	1
705	8185987	1
2525	29028898	1
1294	23340416	1
3366	16401852	1
521	19371745	1
4552	34099552	1
2597	26082458	1
1205	24839169	1
3880	27042826	1
4351	29170496	1
4275	30302786	1
4272	11979138	1
1541	8679252	1
87	19701833	1
3822	8801083	1
4572	34535017	1
3401	29115968	1
565	21266177	1
3178	29391017	1
1982	27467136	1
3380	26788129	1
882	25897158	1
2499	22043912	1
2419	26921234	1
2994	19289123	1
1694	23104007	1
2136	16953888	1
3379	23496672	1
2289	25995270	1
962	19074369	1
1107	24266532	1
2771	28639200	1
2236	27067394	1
1743	24787386	1
4298	30776422	1
3550	28376128	1
566	20038616	1
2666	22731778	1
4232	33084067	1
928	24891360	1
658	20182024	1
2705	28293225	1
2376	1656290	1
2139	23715325	1
4515	23801058	1
513	22904200	1
2464	10441700	1
4182	32680918	1
2	21784067	1
4256	24957772	1
810	23124387	1
4229	31785606	1
11	10810787	1
4555	1657920	1
2475	28035034	1
616	22709377	1
2062	24594496	1
1450	22495300	1
3747	30121363	1
1548	12805287	1
3149	29059618	1
2966	30269120	1
2533	28667373	1
2067	24552576	1
3356	25034562	1
1519	8793089	1
773	17203459	1
1916	22426368	1
3062	29233035	1
1644	19333131	1
3468	29472484	1
3703	2981984	1
576	21215266	1
731	24971553	1
4032	31704836	1
4645	32965634	1
1571	22624833	1
1278	22069375	1
2386	27605105	1
533	10439043	1
4463	24705224	1
1440	21688387	1
2006	26908672	1
2836	28605137	1
2685	17053056	1
696	21969595	1
917	15871047	1
2606	28528489	1
1709	18439900	1
3713	29447171	1
4639	34864884	1
2048	25689825	1
918	22554593	1
698	19051310	1
3097	29734265	1
1625	22668416	1
1206	21752896	1
1105	23528896	1
230	17644068	1
3966	33202219	1
4481	33460320	1
1561	16260608	1
1137	11850401	1
3948	33143617	1
3751	32116545	1
2334	26994322	1
560	25713377	1
42	22134016	1
1932	23821193	1
961	23292481	1
836	15917225	1
4589	33139264	1
1897	25326329	1
1781	27172898	1
1955	10960773	1
1972	25781491	1
938	22915799	1
2331	28961763	1
3662	8553408	1
2216	8942272	1
3771	28833755	1
3391	28349074	1
308	19029894	1
352	24101600	1
2416	27527525	1
653	22875171	1
1577	1580196	1
4496	18541024	1
3279	18981230	1
4634	34450641	1
3255	19117896	1
3761	19712444	1
4508	29608137	1
4293	32589708	1
3635	28588271	1
2414	26658438	1
2023	25542770	1
2713	24711240	1
2670	21140288	1
1816	17923234	1
4303	24925412	1
2477	27296979	1
2997	28881794	1
191	8115332	1
4360	32615938	1
3998	12719426	1
3146	29245934	1
1185	8115332	1
4086	17172865	1
510	24214955	1
1261	23104133	1
583	23905889	1
335	16518401	1
4234	33150406	1
1487	12424227	1
2516	24035200	1
1379	19776130	1
4584	32601292	1
3846	27280887	1
3954	32941089	1
3466	12547233	1
1967	27485121	1
2383	27814676	1
3056	21274438	1
1150	21061765	1
3574	16951681	1
3741	25506489	1
2735	28694499	1
840	22391297	1
2774	25431273	1
3697	17652321	1
1546	21776386	1
3182	29084544	1
3460	16434828	1
1099	23466233	1
3797	27851968	1
1318	19469700	1
411	26422722	1
1028	23508100	1
854	21073472	1
288	16082368	1
178	24239172	1
3565	27226577	1
2826	24463456	1
3317	11900484	1
146	19702534	1
4575	24925412	1
3480	31747840	1
2811	30093505	1
1851	25398946	1
993	15030272	1
1949	23034086	1
3284	29961568	1
1527	16596673	1
4669	34788790	1
1786	26578594	1
1641	22441121	1
4374	30819210	1
1040	17616512	1
794	25436858	1
269	23405833	1
1604	18957444	1
137	8474442	1
743	19391106	1
788	22675617	1
319	20959496	1
3820	9691728	1
76	22498946	1
2962	29446767	1
1038	7579782	1
1431	21913121	1
1067	23808545	1
4055	17664768	1
2440	28669346	1
3086	27571098	1
2459	28368372	1
2362	22693220	1
683	22320395	1
313	23294434	1
3192	25777539	1
1315	17432514	1
143	20667520	1
1579	8690305	1
488	24205503	1
1535	20406178	1
1293	16000323	1
2183	21360554	1
182	9875761	1
4683	34484859	1
129	24025056	1
3076	25708613	1
3514	9016531	1
2505	12007552	1
544	23455712	1
1565	19823040	1
5	26191653	1
4435	23573382	1
350	22023720	1
2188	2564739	1
3027	29298770	1
4016	10359811	1
3334	27065378	1
789	16428356	1
4006	27476169	1
3399	24596594	1
1551	22579745	1
86	10801476	1
3960	32945632	1
1324	16418273	1
3451	28329763	1
425	12119585	1
2643	28082393	1
4292	9848072	1
2738	28042777	1
3678	29043625	1
610	22529959	1
3733	26062928	1
69	20232321	1
326	20818174	1
4112	33101065	1
1802	9660576	1
3556	30214018	1
1815	23344456	1
2699	17417058	1
4426	26512263	1
2658	27072975	1
1705	22791552	1
4362	32370812	1
2424	24669633	1
223	25051498	1
1360	17890426	1
519	24155235	1
2355	27874022	1
1833	24777857	1
737	25023328	1
4591	28251886	1
780	16622465	1
778	12482242	1
3775	33252155	1
2373	28680098	1
16	23527808	1
3427	30286710	1
3743	12777642	1
2180	26508757	1
1361	24321703	1
1305	23621888	1
2149	26549249	1
2000	18666306	1
3897	32043729	1
1828	21211680	1
1807	16861140	1
2455	28520978	1
1366	21955200	1
3595	25376608	1
2968	28675594	1
4164	32218432	1
3438	17418442	1
1136	20615601	1
2286	12161728	1
3689	25223691	1
1224	23389445	1
14	21978946	1
4044	30154186	1
1587	18087042	1
2986	29358597	1
912	16812977	1
1696	18190946	1
914	21866560	1
1767	26423156	1
2352	28893208	1
4656	34551432	1
3044	16740622	1
399	23541921	1
1509	3517024	1
4364	32469185	1
1575	19125125	1
4177	33143640	1
2253	28257851	1
3372	28684288	1
1124	22801375	1
2679	27940490	1
1377	12087555	1
3701	26242919	1
2527	17160610	1
770	15649888	1
3082	26613606	1
3947	25157153	1
1482	18088323	1
169	23460104	1
286	24119681	1
515	7982978	1
1207	20020146	1
79	24205707	1
4427	11497353	1
1191	23478244	1
1526	23244804	1
1975	12667526	1
1748	12712065	1
2211	26286337	1
162	23541441	1
1460	24333505	1
435	3273186	1
3833	27869828	1
436	22626570	1
3106	29659705	1
3622	28865512	1
2623	27540265	1
3875	27269043	1
925	20356930	1
3066	26251998	1
1514	8006040	1
668	17901920	1
4679	30626972	1
735	22038757	1
377	21562592	1
4673	34893673	1
3224	22941504	1
637	19661920	1
1363	23945056	1
7	21328290	1
4277	1501489	1
2437	27271195	1
933	22738784	1
93	20707912	1
3469	29944680	1
4544	14600262	1
842	24946806	1
1477	23052832	1
2952	27773354	1
206	2303258	1
2423	26815584	1
4329	34706171	1
2778	12056818	1
4586	28839111	1
3905	32461409	1
2814	30173918	1
2545	27678025	1
1043	24077602	1
2584	27725777	1
1427	23581568	1
2832	28705024	1
1811	24839169	1
1359	2854272	1
2846	24795696	1
175	12520035	1
213	12598532	1
1333	25083010	1
4506	22338211	1
3522	28432608	1
738	21481442	1
722	23894139	1
1248	21324833	1
4257	21702926	1
4127	27694210	1
2078	24077912	1
1741	23740936	1
3264	20619378	1
172	23404838	1
3650	23593142	1
2309	28846099	1
4416	24075520	1
2749	25398740	1
1866	20048104	1
884	20139424	1
3571	30387809	1
397	11798016	1
1355	12063079	1
398	18288611	1
3812	29713762	1
153	25240289	1
4098	15494369	1
2730	9036937	1
2088	11202049	1
556	6896006	1
3526	29152572	1
3330	28475676	1
2302	27167008	1
23	10864616	1
1794	3768865	1
1458	8723065	1
3677	22967978	1
1839	27009036	1
3927	32573705	1
4403	22523559	1
3693	27425792	1
3175	28536935	1
975	19112098	1
1233	21426944	1
2561	28720101	1
3230	29437776	1
3282	29408889	1
999	24870050	1
3198	28961712	1
1798	8771074	1
279	24175256	1
4034	32978617	1
96	17534848	1
4313	31672995	1
2571	27351374	1
392	21495810	1
2324	19475561	1
4094	29403011	1
3901	27843457	1
4161	2713760	1
1469	22850265	1
265	24481314	1
2618	27503909	1
3352	28968644	1
1047	16339652	1
1923	26657634	1
3165	22101760	1
3166	28748416	1
2385	24167936	1
2793	23040961	1
4413	34638130	1
1064	21484993	1
3278	29899448	1
163	19706597	1
4583	34613603	1
44	12890912	1
580	10903840	1
915	18191617	1
1424	7642627	1
4655	34030616	1
2805	24810945	1
205	1988577	1
4531	10919200	1
3208	19121369	1
1271	22058406	1
4031	33207093	1
899	22982593	1
1194	22878818	1
3645	28453679	1
4011	28644160	1
3323	28461162	1
3566	28039265	1
2674	29059320	1
1856	22524832	1
1867	24928998	1
1461	23384289	1
3490	26996264	1
2478	15119010	1
2737	17119104	1
4471	17241569	1
45	20802020	1
3587	25707489	1
1884	26464443	1
1706	18004386	1
3917	31684860	1
3473	25371407	1
254	2703281	1
4713	33832577	1
4497	31912800	1
3019	30350179	1
1684	12212772	1
1346	18775331	1
2825	28741506	1
418	24392102	1
1149	22384259	1
3085	30312728	1
4141	30647052	1
2753	28381231	1
3223	19752190	1
472	10358092	1
3283	28666680	1
4199	31349061	1
676	12650976	1
3298	30275474	1
3813	29686608	1
3005	17103360	1
2207	25977791	1
3564	23934081	1
4716	30635392	1
484	24705156	1
1517	21963238	1
3145	26862051	1
1074	23548324	1
3036	28748198	1
1755	25236385	1
822	14570063	1
1262	21491341	1
4715	31752933	1
3986	17568388	1
839	17990592	1
3235	28887424	1
1476	22913287	1
3806	25052516	1
1371	8893856	1
2688	28273952	1
4285	34147650	1
2434	25651782	1
4417	32865784	1
1187	24681619	1
4620	32437472	1
3568	9209408	1
341	9045856	1
4460	34875308	1
3424	27425792	1
1692	21177857	1
2420	21375200	1
4376	1292416	1
50	7578083	1
3065	26794447	1
2431	26503793	1
4108	32433050	1
1570	21915648	1
1818	26598048	1
2321	26338144	1
1417	21751810	1
703	23949953	1
2019	27884548	1
3981	25940801	1
2390	29135930	1
4714	23573382	1
3433	27986896	1
3476	28719537	1
1952	27154402	1
2673	28948796	1
2830	29788413	1
996	25188481	1
4542	32079690	1
236	21651459	1
1308	20814596	1
4128	25404128	1
3285	27457797	1
3075	27601193	1
725	11906	1
2252	12446625	1
2871	29562236	1
2250	29036597	1
2607	28691557	1
1174	18648195	1
299	17130240	1
1759	23026528	1
3168	21949922	1
2659	21954900	1
3681	12849400	1
1590	2137344	1
1918	23292513	1
624	23659897	1
450	10995744	1
2917	27522479	1
2839	29059320	1
1778	22511941	1
4391	32580969	1
4451	18541024	1
2035	23922054	1
336	24213377	1
1473	12459520	1
3848	22217600	1
3539	30459840	1
246	18855539	1
2104	22871183	1
2940	29112706	1
4217	32504034	1
4135	31269546	1
3570	29726787	1
935	24730627	1
218	20796001	1
422	20811715	1
3631	19339045	1
334	24102379	1
292	20598273	1
2863	27273088	1
1877	26100928	1
1699	23898178	1
2140	25977818	1
1640	16144131	1
238	24105977	1
4007	32682484	1
608	21647425	1
2733	28822529	1
1720	22084392	1
1620	11985602	1
4695	32554928	1
2612	1919136	1
35	17461888	1
1418	10738305	1
4018	26747746	1
1714	20219941	1
3856	2806531	1
1304	24339619	1
531	18556576	1
2157	8718689	1
3475	29264928	1
4430	33416262	1
3378	17161602	1
1754	16492929	1
2785	23300483	1
372	22090498	1
2734	27990773	1
2660	27974345	1
3081	29466232	1
147	12788480	1
1530	1333560	1
4083	32955176	1
99	8616260	1
3758	33113295	1
2303	27568322	1
3559	29124482	1
3739	33186545	1
4340	27456367	1
4484	31301033	1
3360	25847946	1
3120	26664771	1
3275	29762619	1
3229	10764768	1
4659	34864868	1
2215	19782028	1
3521	31106887	1
381	23412372	1
473	23639938	1
4585	16393984	1
3344	11894017	1
3949	31903844	1
4295	17653254	1
3728	27817026	1
3546	29199006	1
1274	9721219	1
171	23667906	1
786	17990503	1
814	20380929	1
3763	32573957	1
2768	29255114	1
4393	33376781	1
81	24194598	1
12	23028706	1
535	23217155	1
514	16228969	1
3050	26581630	1
588	24510189	1
2976	30244834	1
47	24852293	1
2920	29284706	1
2329	16648643	1
130	24570026	1
3861	20703489	1
2578	28274145	1
3614	29374165	1
4021	31015813	1
1405	5447715	1
3699	30360965	1
420	24480744	1
4593	34172899	1
4618	33686916	1
3976	30095981	1
2776	27280980	1
1853	22220162	1
3259	2300390	1
1110	10894080	1
3785	14762213	1
2226	24389010	1
3016	10686432	1
1340	24135681	1
1957	14534166	1
3164	30290178	1
2812	25559105	1
1676	24891360	1
2877	29770715	1
4353	34211179	1
4146	32093737	1
1680	24941044	1
2978	29879106	1
1272	26155681	1
1790	26620032	1
4019	29719809	1
306	26366214	1
3799	32499606	1
2220	26732322	1
2901	29416314	1
883	20340162	1
452	7798312	1
1245	16488965	1
2773	27789693	1
3443	30394532	1
4178	31633842	1
1895	27477512	1
1222	19391106	1
20	18757088	1
2675	10826264	1
294	8264800	1
2990	20349506	1
1594	23661441	1
897	19828484	1
734	8068955	1
3694	30155952	1
4565	34706189	1
4396	32658317	1
4422	24168513	1
2174	26882849	1
297	24831536	1
405	15088139	1
1075	22027573	1
243	22386340	1
2123	16421121	1
4698	34692467	1
1768	26266019	1
2899	28026754	1
3133	29209918	1
4137	23549056	1
2481	25148681	1
2550	27984802	1
1669	20720512	1
486	11379297	1
4675	33573696	1
2118	22941121	1
726	23516487	1
1973	8340096	1
4485	32087818	1
3501	30153633	1
311	24129315	1
3291	30261193	1
2683	11507042	1
2739	21875361	1
1883	19653328	1
1165	25948244	1
1439	22693659	1
587	24170137	1
3265	18606711	1
3243	28960866	1
2743	28293123	1
3939	23395106	1
4488	33630475	1
2134	21768289	1
3124	24174536	1
2320	18570880	1
3685	23593142	1
1108	21050448	1
868	18653248	1
233	23256673	1
1323	20571968	1
1087	23193254	1
579	24034696	1
2230	24203912	1
3782	6957649	1
2616	28895041	1
2939	29903751	1
2214	19324892	1
4067	28644160	1
4255	34608929	1
1796	17274497	1
2121	24040234	1
3608	29564954	1
2030	23594025	1
3492	29514181	1
4145	20406225	1
1402	12952874	1
4088	27866048	1
2678	29030848	1
158	23717765	1
3183	29797354	1
4414	30938372	1
3034	27467937	1
3142	16740622	1
1227	25653163	1
3532	20856225	1
1569	24744456	1
2500	22027330	1
2068	27281216	1
948	12869545	1
4489	27223600	1
2885	30383334	1
1031	18420865	1
2538	29028265	1
1516	25479090	1
3170	30293207	1
3615	29198722	1
2269	28545463	1
2279	29058599	1
2399	28043681	1
2852	29509874	1
1702	22592705	1
546	22014696	1
3423	28395661	1
548	26273473	1
1700	14508096	1
4367	34347307	1
4113	15626016	1
811	15003307	1
4546	34352207	1
1863	8250530	1
980	11162129	1
2615	25409760	1
2388	12548530	1
3138	29186450	1
463	19108833	1
2610	29036616	1
51	10968707	1
681	24935946	1
943	23555929	1
2245	26080409	1
4494	29151591	1
1162	23382304	1
4233	7991969	1
3518	29423808	1
835	24247648	1
4156	26438538	1
1254	6327972	1
202	7375968	1
2359	26702336	1
1753	24386139	1
591	23019013	1
2018	25531872	1
1511	14617316	1
2824	27986376	1
17	23312004	1
3679	28977601	1
2097	27012832	1
3091	29700266	1
2154	19169027	1
1690	20578144	1
2160	27289249	1
2543	8091266	1
2622	23704227	1
3704	27844130	1
3262	20981248	1
3720	29191945	1
27	9088928	1
2936	29487059	1
1503	19808288	1
359	23946506	1
3290	17543136	1
3748	29625056	1
3557	29644336	1
3576	29116076	1
135	21855841	1
2627	26451332	1
3636	28747518	1
2763	23169531	1
953	24360741	1
4148	32487073	1
77	24288579	1
1367	21908901	1
2993	30247488	1
2517	26618715	1
775	24119843	1
559	21455009	1
232	11125105	1
4443	33628036	1
3794	29106564	1
2575	18682250	1
3176	29335691	1
3196	29169635	1
1098	24296129	1
1576	21796622	1
4523	33905537	1
3754	29898626	1
4649	34741163	1
2328	27751937	1
750	23382987	1
2010	18042145	1
97	25328416	1
3534	22119622	1
1009	24515121	1
3040	30058112	1
2534	28035201	1
3373	25485886	1
1722	1993703	1
4439	30428483	1
1756	26357632	1
3913	31043521	1
387	25563301	1
2368	28874668	1
712	21070773	1
4449	34560137	1
749	18407555	1
4582	33956058	1
926	16500976	1
4479	34396256	1
293	20979723	1
3663	28515625	1
2746	21276256	1
1193	26137860	1
2364	28417603	1
2823	17373633	1
3569	23323136	1
4650	34649856	1
428	24959425	1
2609	24674348	1
3067	30413440	1
2375	11799392	1
366	24937153	1
1940	25416797	1
351	23248352	1
4547	34393218	1
1808	12298233	1
2809	25411939	1
1181	23428641	1
1395	19303267	1
2040	25974210	1
3642	22761891	1
2964	30404778	1
1698	23943810	1
1874	26028288	1
1795	26424858	1
2903	28575464	1
4176	28530713	1
4621	34256819	1
4635	32982112	1
210	17241641	1
3447	28408616	1
454	24116745	1
2074	22897955	1
3988	31761834	1
2728	28527813	1
2433	27052640	1
3500	25677180	1
276	18483364	1
3906	31785606	1
3053	8864960	1
1910	19472268	1
4252	30886915	1
54	16793409	1
2503	29070071	1
3529	10761920	1
2677	24732794	1
4623	33473249	1
4185	23011466	1
245	22984601	1
1005	18318945	1
1580	19704032	1
3969	25071008	1
3742	32713280	1
2012	20621893	1
4139	32393302	1
3273	26222134	1
4259	33252155	1
4223	30668632	1
2646	28427283	1
3653	26903656	1
1980	22580996	1
2153	19497985	1
1001	23830918	1
1835	24404512	1
3814	27599872	1
3171	18824833	1
4070	26913608	1
1823	20520578	1
2168	19176545	1
2602	28247266	1
1900	20717561	1
3936	16845600	1
1120	23382538	1
2209	26822080	1
3430	29253077	1
1364	19458189	1
1263	11254789	1
2172	23274112	1
3654	22021061	1
1584	22771212	1
1508	10963459	1
2690	20836008	1
371	22192390	1
457	14699394	1
3690	28202592	1
701	24853856	1
1420	10392228	1
4518	20385028	1
866	20660832	1
1635	3537733	1
4521	2759776	1
2631	28396259	1
797	23284292	1
2691	28295608	1
819	20644257	1
3004	19395875	1
29	17498659	1
2304	21454497	1
4644	34078885	1
3002	28941722	1
913	23621600	1
3691	27621150	1
3647	28186259	1
1015	17272161	1
4069	31110049	1
3023	22546352	1
4577	30261763	1
2807	29456181	1
711	20694403	1
1435	19815776	1
217	20175080	1
2011	24934919	1
626	22975329	1
4590	31959876	1
3801	26757840	1
177	16115458	1
159	24368416	1
753	20946052	1
3802	21498981	1
3217	29164954	1
332	7193392	1
1861	24324965	1
1083	15277709	1
697	20683334	1
596	18684293	1
4341	32344709	1
2173	23615171	1
1378	17024483	1
2896	30360730	1
4302	11878947	1
3682	15824372	1
1922	25181036	1
1533	20191297	1
3900	31462144	1
485	2349952	1
1140	19826816	1
3943	30915128	1
1288	11756557	1
2004	24885602	1
2736	24946952	1
2109	20459804	1
3096	12825250	1
74	10602116	1
4539	32877961	1
466	23122726	1
2261	27796499	1
1443	3311578	1
3935	22003227	1
1616	8896563	1
3328	27936183	1
357	26322582	1
4377	34347307	1
4671	33468562	1
4660	34775780	1
3130	22965147	1
1438	18755587	1
905	1856259	1
2301	28846097	1
4457	34120912	1
3155	26894970	1
4613	19713248	1
3246	29075906	1
2007	8566785	1
4504	34884613	1
2402	21949764	1
215	8918594	1
4058	27478875	1
4543	33662561	1
2741	26551787	1
2625	19926374	1
2241	27582466	1
3381	22009441	1
1354	22798307	1
3668	25684164	1
3738	15330446	1
4305	34297496	1
1032	22822048	1
110	20440640	1
1831	16254468	1
2263	10087779	1
3349	25609570	1
1506	18667590	1
2083	25459971	1
1400	20140514	1
3552	27083490	1
4264	31116370	1
2751	22596258	1
4491	28884600	1
4281	32048961	1
951	23331681	1
892	15704193	1
2059	21355049	1
103	24901761	1
4389	27582220	1
545	25273541	1
793	17317766	1
3465	22120008	1
4068	27799339	1
2146	27193693	1
536	19415009	1
4209	17477348	1
2397	17346703	1
4690	33164993	1
3789	30344952	1
3611	30423090	1
1275	24558442	1
1467	23273605	1
4297	21104292	1
621	20237318	1
1255	26105190	1
4470	34464029	1
3687	30040823	1
2594	27633771	1
2429	24882690	1
28	28904741	1
6	23918241	1
4432	32865784	1
2672	25385275	1
2557	24990604	1
1909	21802499	1
4561	19117056	1
3951	11515490	1
2564	28092013	1
1182	19793921	1
1820	11484160	1
4072	31354448	1
1497	15918939	1
3553	29634597	1
3268	30373770	1
1118	25462372	1
585	12734114	1
2049	22561113	1
2498	28334930	1
4296	32612187	1
4015	7651715	1
3648	29856160	1
2546	25402624	1
4502	28283809	1
4441	31783808	1
1071	23460104	1
1325	21364800	1
1061	9885824	1
1123	24304890	1
2317	10734216	1
37	25011592	1
426	21133379	1
3616	29522506	1
4248	34513292	1
858	23710633	1
4462	34294052	1
193	25548170	1
1258	20532610	1
1135	11222747	1
2748	24572763	1
4594	32771937	1
152	18326497	1
3371	15159491	1
1829	23006982	1
271	16957282	1
1037	21470081	1
447	23909253	1
684	24429481	1
1266	16034473	1
1572	24282529	1
1735	21994755	1
1199	21990275	1
2313	27009268	1
2391	26321255	1
4312	32690797	1
3199	30373828	1
3084	27762892	1
715	26528322	1
3389	28557577	1
1651	21549346	1
1198	21978946	1
3370	27313464	1
733	23455424	1
941	20424130	1
2195	15842944	1
1299	22611192	1
2051	25662217	1
1094	23096483	1
4411	1887835	1
4551	31828807	1
2726	29082276	1
1657	22709888	1
1347	17053834	1
744	22727621	1
4131	23010833	1
3202	30089698	1
4559	8426722	1
4181	31673144	1
2268	19270754	1
4622	28341696	1
2682	16772461	1
401	23314528	1
3630	1599520	1
2133	16317314	1
2613	23732169	1
4588	34626583	1
1066	22992327	1
1617	26055324	1
4221	10886022	1
1486	10586442	1
1936	25085251	1
4379	19543144	1
2760	27803011	1
837	16258176	1
4240	27799824	1
1631	23547170	1
1090	23328393	1
4348	27827301	1
654	24247616	1
1170	20378560	1
257	11412864	1
220	11490597	1
2535	27366148	1
1451	24179142	1
3959	32522499	1
1977	25996320	1
3274	29565219	1
78	23354439	1
2229	25649668	1
123	25122144	1
1490	22333191	1
1445	11600803	1
808	19324998	1
1408	16001794	1
2029	26608608	1
4102	31989035	1
361	22056965	1
4203	28625644	1
3031	30317696	1
1602	20147392	1
4653	30400011	1
73	26236140	1
160	22935778	1
2379	28985562	1
333	15802919	1
1995	26280901	1
910	18644871	1
2330	23502848	1
1089	22801312	1
2513	28827824	1
691	22614017	1
3395	30185825	1
2888	30102239	1
615	22898666	1
295	16939648	1
1428	20437543	1
2909	29172076	1
3410	27898090	1
3008	8877308	1
949	9009281	1
3845	30008320	1
2084	25010117	1
4530	31546754	1
2249	24760109	1
3213	30028636	1
1742	19236237	1
985	17994112	1
1404	12108800	1
922	23500724	1
225	3162748	1
3109	28232034	1
848	17785760	1
1049	19557188	1
1276	23792643	1
2540	2716993	1
356	9430656	1
2718	23124521	1
1117	11577024	1
1510	10546306	1
594	19638400	1
91	12767492	1
1085	16915236	1
2322	25891173	1
3577	26970625	1
4627	34864893	1
490	17347940	1
2308	28893208	1
1321	25531267	1
2817	30346488	1
2259	27914101	1
2299	27374330	1
2667	24909122	1
3563	24023392	1
3051	28101182	1
2360	18065505	1
720	24176480	1
2701	25491770	1
136	23539364	1
4243	32589708	1
4541	34558200	1
3102	29575326	1
2473	17387144	1
2065	23288644	1
344	20383170	1
1129	25050785	1
1407	22675616	1
784	21651461	1
3020	28871467	1
931	20589122	1
2900	27377536	1
1717	1992832	1
3702	30285606	1
4035	31655812	1
4528	28582264	1
200	23776704	1
4057	28696420	1
3612	28870576	1
2777	28483959	1
2150	25370040	1
3219	29311472	1
3911	22494956	1
3790	2517473	1
3491	623681	1
2130	27886370	1
2002	26982580	1
3932	32187532	1
2318	19136460	1
4708	34732400	1
4454	34657891	1
986	20842113	1
2367	28709498	1
1725	25387963	1
1614	16339652	1
4666	33336218	1
4605	33884612	1
2061	21919618	1
3440	24517093	1
3993	28644160	1
2295	27500536	1
132	23126680	1
3402	28191888	1
2745	28159780	1
2151	21658241	1
1430	22077505	1
1868	26184993	1
4136	24704321	1
512	25815361	1
3626	29614352	1
1536	23886114	1
2914	29476018	1
1416	20560708	1
3945	24583034	1
3089	29040384	1
3247	28143937	1
127	19500131	1
268	18239272	1
84	21880994	1
2242	23719940	1
2549	27838525	1
3946	30091218	1
1954	10037251	1
3914	29874946	1
2369	12824372	1
730	23255952	1
1847	22549664	1
1412	23064365	1
3376	26436129	1
2916	28003334	1
1610	23050819	1
1356	15208449	1
3715	29187526	1
18	24782784	1
2332	25762693	1
2725	27072897	1
1817	23273862	1
4119	30809505	1
4186	27062886	1
3444	30156440	1
3639	23850259	1
3231	28770472	1
1309	18617481	1
4188	32717044	1
2047	25941633	1
669	22679139	1
3544	30082684	1
187	20160034	1
3983	32098967	1
2013	27690657	1
4363	26986877	1
4144	21714467	1
2928	29374165	1
197	11452033	1
3256	27889958	1
524	24036548	1
1088	21542403	1
2466	19669637	1
1256	18485221	1
2680	15920545	1
1738	17407136	1
1650	18395492	1
1711	10689191	1
3024	25454820	1
602	23043107	1
2221	26304545	1
2421	28893208	1
3730	27170263	1
2187	10884998	1
4361	32983299	1
2144	26979525	1
355	22484480	1
1969	12964033	1
3403	27098144	1
4030	31701148	1
4276	29189096	1
3834	31816434	1
1151	21800128	1
3214	30251172	1
2844	19466346	1
102	2781955	1
4328	34864890	1
2775	29984580	1
4239	33782605	1
3035	20855362	1
2910	22080549	1
877	23950696	1
3961	17726681	1
19	20927567	1
704	9413216	1
1202	20225016	1
2055	26190104	1
746	3680580	1
149	18976257	1
4200	25957348	1
2797	29447106	1
455	21145481	1
3172	25766410	1
3874	32227247	1
4304	32468552	1
4117	31846723	1
702	23385088	1
2507	26874956	1
1100	24014018	1
174	22177091	1
1023	24380394	1
2446	28815832	1
3773	25253891	1
864	22218274	1
1422	21808513	1
4700	34553354	1
1886	23512835	1
3919	28317894	1
3676	16148123	1
2963	30367574	1
2862	22475052	1
2827	26870725	1
606	19783717	1
812	25532001	1
3215	21172808	1
3295	22162947	1
100	19008896	1
543	22522912	1
4616	24925412	1
1017	23557376	1
1142	8590944	1
1792	15059815	1
2987	25216227	1
2231	26644232	1
2235	23590816	1
1380	18378481	1
2441	28848698	1
2842	29028963	1
497	8550759	1
3127	29335563	1
173	19006080	1
240	21397860	1
3922	31548608	1
382	21181474	1
2893	23771139	1
4050	12949121	1
1637	24604962	1
1634	20603584	1
480	21372004	1
2919	27161642	1
2374	3965026	1
909	20491649	1
2145	22673945	1
228	21136867	1
4434	33527899	1
990	22711363	1
2878	28034848	1
3579	27853960	1
1928	25635706	1
2969	28867969	1
4049	30332547	1
2275	28973902	1
4647	11878947	1
1208	18852097	1
707	22034564	1
601	24292417	1
2931	27102896	1
4033	17664768	1
3665	25107588	1
3585	25808775	1
2926	21319945	1
2060	26496384	1
2024	19647514	1
4691	17296793	1
2403	28467869	1
1622	18812180	1
2210	27130691	1
4099	31758661	1
1574	24147016	1
406	23735780	1
2861	10806081	1
903	25300486	1
3716	29018300	1
501	14685826	1
1144	22184065	1
4317	31758661	1
2128	9056561	1
2095	12749056	1
1686	19219072	1
1990	19602510	1
1885	8678146	1
635	22956544	1
787	7768329	1
1782	24359918	1
3757	32531461	1
1854	23757185	1
2600	25480033	1
3302	27669440	1
2015	27606337	1
212	21847392	1
57	17264832	1
598	18996099	1
2488	27899579	1
1196	20349314	1
4633	34620745	1
4089	32005279	1
977	7989542	1
2518	22555524	1
2485	19716250	1
3512	30224643	1
439	9600226	1
4510	30524706	1
2487	29028947	1
4527	3714053	1
4330	15459648	1
3597	28588271	1
1844	25097219	1
2393	27940490	1
4556	27734896	1
2350	19907330	1
1540	3947104	1
2848	28183072	1
2394	27655365	1
1270	19761698	1
3233	26999324	1
4631	24091795	1
1994	25525250	1
3760	18430081	1
58	21541345	1
4339	33872258	1
1869	26085216	1
2721	20140321	1
3538	24038889	1
619	19099776	1
1175	22552321	1
1058	11726552	1
902	15992646	1
504	23398530	1
1197	25517696	1
4195	31850802	1
2041	16831112	1
2064	27678025	1
1981	18250496	1
2970	29771371	1
2579	29143558	1
1925	16426772	1
4688	34667080	1
3421	29414040	1
3222	29399171	1
2238	26519501	1
2858	15039372	1
830	12091808	1
239	19738049	1
2457	27627138	1
1201	14679108	1
627	12525539	1
886	25461954	1
1413	23116225	1
1618	15851848	1
833	21827905	1
593	24311433	1
4685	33713299	1
732	20621443	1
446	25327169	1
2942	29446853	1
4103	31528593	1
2568	28622299	1
719	25503469	1
1858	12561154	1
3533	25681059	1
3237	23936194	1
3791	19712444	1
2795	28415833	1
3910	22494956	1
1562	21114016	1
2859	29961568	1
1474	22473602	1
4191	11391041	1
4322	31349061	1
3436	22149703	1
1495	23761378	1
10	17097409	1
1993	17592768	1
3385	28581409	1
414	22517378	1
2822	23307200	1
2138	25876993	1
2908	29554207	1
4263	31785606	1
3459	29514827	1
1890	26993089	1
1230	17849604	1
4517	34137441	1
1242	17479073	1
1383	11680512	1
740	21572129	1
1073	18403482	1
577	1691523	1
1128	22978305	1
3244	23442585	1
4020	21131363	1
389	22538464	1
1647	11140992	1
2310	261962	1
2273	17502400	1
1803	24872738	1
1172	2906043	1
1913	23590161	1
796	25218787	1
2650	28060339	1
1583	18980520	1
2881	28929384	1
1558	2754219	1
2091	22704343	1
4540	34022131	1
3225	29075937	1
1581	19483674	1
266	23694722	1
2567	28377480	1
4420	33202112	1
4247	33219521	1
2325	25987504	1
1189	23068290	1
2653	27385158	1
4000	25087078	1
1251	23696293	1
1289	21639808	1
3408	22238299	1
607	22352753	1
2022	19878048	1
2961	29562145	1
4375	34788003	1
1800	27174720	1
3305	29926311	1
3893	31664480	1
4440	32424559	1
1880	18174240	1
1466	18617481	1
1882	23164417	1
346	1450882	1
4265	34880449	1
3090	23945282	1
2632	27689922	1
3338	22789508	1
4133	30656450	1
2311	9658103	1
2611	22828257	1
4074	24782529	1
1236	23657601	1
633	24255107	1
1496	23880267	1
3162	30193156	1
2587	2654251	1
4665	30342297	1
774	23166019	1
4320	34056256	1
3695	16506213	1
1764	24291848	1
489	19497860	1
1336	19089249	1
690	24120896	1
2361	28299553	1
3740	24771328	1
863	9204548	1
4269	31250907	1
26	23073287	1
2697	28794154	1
56	24260207	1
678	9171096	1
275	21207296	1
1457	19619967	1
2480	23519746	1
3877	12544710	1
4237	33787719	1
967	21465478	1
1285	15834508	1
2595	12702725	1
2788	28988646	1
571	21358630	1
3327	29212226	1
2935	28215162	1
3116	30479171	1
3752	20427841	1
2996	28200120	1
2166	7623073	1
481	16127464	1
2409	7606923	1
3984	31738372	1
1677	18206656	1
1636	12782658	1
1805	23327936	1
530	19089153	1
1316	15701601	1
116	22323744	1
2694	3025706	1
2847	28968643	1
259	16709600	1
1544	18473354	1
4371	26739197	1
3099	12457410	1
2601	29115857	1
4222	25349449	1
1930	20010208	1
907	12884740	1
424	24630051	1
407	15928960	1
1812	23075107	1
4100	26563252	1
3506	23463177	1
2122	27633186	1
991	22577160	1
4187	28696420	1
305	11007777	1
1917	24093580	1
3095	20140962	1
1825	26041735	1
1257	21243489	1
901	22510082	1
4294	33308444	1
578	24073184	1
611	19216964	1
2676	15944227	1
1339	578375	1
4466	32964643	1
3288	21536806	1
1942	15659360	1
467	22672770	1
256	25203970	1
3628	30504800	1
4697	32573856	1
3505	28855971	1
402	17286545	1
2258	28961785	1
1600	6481730	1
3916	32913038	1
4338	34365507	1
4226	32058049	1
4390	22396896	1
3864	33258543	1
3025	26478842	1
3620	7517178	1
1633	23282240	1
2057	26493208	1
4385	29751881	1
2816	28658311	1
754	21964864	1
4395	31922915	1
3420	29902942	1
139	12011073	1
2428	27762305	1
2267	27346350	1
761	18425569	1
2750	29665796	1
4493	9286148	1
4498	34082434	1
2956	30226837	1
529	25047178	1
3353	25459578	1
2868	20200024	1
3968	1244548	1
3125	29254998	1
2977	17522144	1
167	21094032	1
1552	9629378	1
4314	30852344	1
2348	28428902	1
2592	28302071	1
2469	25932193	1
1643	17624330	1
4672	18514082	1
2106	19587786	1
826	8824770	1
4553	33508615	1
4092	25936768	1
1179	8706311	1
493	16970241	1
347	25503672	1
3918	30497369	1
2456	7560033	1
2112	26498781	1
4004	19863427	1
3337	24926928	1
2671	28971967	1
3151	29571746	1
4378	34249907	1
1842	26038951	1
661	23274119	1
1081	22710916	1
2073	22366791	1
4166	27119568	1
1852	2048769	1
2038	9073025	1
4173	28802798	1
3324	19922872	1
569	20841568	1
498	21124806	1
471	17287213	1
4245	24399399	1
4150	23395106	1
2491	17297441	1
3242	29873249	1
3870	30726693	1
3240	29158129	1
1838	24194916	1
1362	2540000	1
1555	15130848	1
1841	15766275	1
672	23533697	1
4211	32029306	1
869	21178113	1
4445	26473120	1
273	10393442	1
1671	18406367	1
2580	28241136	1
70	23688323	1
785	25187905	1
511	21451360	1
597	17082203	1
4081	30243889	1
1393	18426915	1
4398	21070656	1
3527	17307426	1
2689	15989601	1
3531	31529216	1
1615	23114244	1
1723	24458521	1
3482	27621150	1
4704	34788791	1
270	21097778	1
1033	9369098	1
201	8733409	1
1063	12693506	1
713	15843233	1
2651	25193669	1
3108	29189942	1
4284	33186545	1
4014	31709696	1
419	21515576	1
1970	8121473	1
3837	20172548	1
3795	11347201	1
1310	19734497	1
2092	26420896	1
2492	24153350	1
1898	25798064	1
274	16098176	1
2756	29124969	1
2821	29850774	1
1522	11577024	1
1025	17670945	1
1843	25315429	1
4478	26429909	1
2102	21615815	1
4624	25665578	1
2880	29378418	1
3584	31171773	1
3963	28533025	1
1260	9524096	1
1010	21909922	1
1894	7786016	1
3015	25871441	1
3924	31750240	1
695	23489216	1
1919	11295498	1
4670	29560065	1
120	20080130	1
3683	21671360	1
1280	12407171	1
4047	30194661	1
573	17336868	1
896	24057217	1
4429	33119048	1
453	11473953	1
2260	29056905	1
4560	31570504	1
3294	29858604	1
3369	27354700	1
1956	22916115	1
969	15703275	1
540	21750914	1
4350	28041835	1
1277	26557057	1
4012	25607358	1
1788	27825953	1
3535	26054767	1
1112	18391940	1
518	25108525	1
1806	26313898	1
4611	34256819	1
1593	22237056	1
3157	24721640	1
4331	27494529	1
4676	29069413	1
4180	30177761	1
4155	33037027	1
3439	12566406	1
3868	32589506	1
1306	25925131	1
303	18926777	1
4321	18567810	1
4059	31099671	1
221	23870657	1
1745	26227334	1
2716	27347652	1
3588	12034848	1
2482	28351171	1
3591	17358192	1
4124	29514181	1
1468	19522851	1
4566	20856818	1
3753	26045046	1
4571	26521192	1
2072	25467940	1
1164	21586914	1
1836	27815904	1
2343	19863172	1
880	24260161	1
291	18852131	1
3200	30089698	1
1597	18796515	1
4610	11280780	1
1927	26945826	1
264	17923793	1
1553	19107777	1
4220	18565216	1
2266	28643105	1
1143	7544864	1
2389	23754700	1
3114	27956832	1
2190	25525250	1
1638	25707381	1
2158	10611917	1
2036	26732544	1
1502	23528227	1
764	25103963	1
4401	32259079	1
2443	28522612	1
3299	26744526	1
4415	34215584	1
709	23175603	1
1138	12419041	1
2365	12200417	1
1050	24794627	1
584	15541000	1
1238	22495932	1
3177	22825856	1
682	25002400	1
4359	29932288	1
4075	22458939	1
1211	14500064	1
2400	28427232	1
538	23686401	1
708	2072458	1
2958	23226529	1
4394	32207686	1
1180	20537955	1
1704	20442245	1
2082	26449414	1
651	24193889	1
4244	28145888	1
3452	24769571	1
2572	28720101	1
3289	27990269	1
3137	26059840	1
954	22787013	1
2983	17564968	1
2034	21789182	1
1375	19223800	1
4170	32907876	1
2282	25758746	1
358	21779492	1
3980	31883305	1
936	22892954	1
2551	28253832	1
4404	20551556	1
2486	22028388	1
283	20551672	1
3643	31151904	1
4446	34461069	1
878	18345024	1
48	24859266	1
3899	5964959	1
3014	29697153	1
36	23894528	1
2621	29059462	1
4162	28967881	1
520	16845440	1
692	23833797	1
1875	26791998	1
1459	23185044	1
2784	29016169	1
1789	25109378	1
4511	28154372	1
2854	28441920	1
1215	8098760	1
1103	19789312	1
2614	18445163	1
745	22931521	1
861	15844661	1
2829	30406902	1
4163	31514420	1
3607	27026812	1
2872	28187274	1
1216	20107296	1
4383	31225930	1
1670	23878564	1
409	22586276	1
3092	29449511	1
3554	2202240	1
321	15901504	1
1592	10796876	1
4387	31231591	1
3387	20183917	1
2765	20007090	1
3350	20736486	1
4169	30785362	1
3619	26265520	1
3072	29330215	1
470	6823106	1
1368	21521028	1
1961	24163250	1
2495	27591246	1
1239	22113345	1
643	20012672	1
1762	25223640	1
2131	27524497	1
686	20601600	1
779	20880963	1
3058	10406660	1
2943	29028893	1
4678	34620745	1
2769	23340289	1
3184	28471166	1
2873	30325890	1
3419	29040459	1
2884	24768001	1
2119	8606626	1
258	24222784	1
3863	31770497	1
2506	23499906	1
1532	23435040	1
921	18951300	1
2850	28859904	1
3068	25794641	1
821	20663875	1
3656	18813701	1
1192	15698945	1
3504	25282031	1
724	17593379	1
1950	27646435	1
1415	11818821	1
4046	30503854	1
970	19229130	1
2200	25792360	1
1434	9315745	1
3700	1658026	1
1606	7489697	1
3592	29744034	1
870	14598129	1
4646	8217842	1
1012	16339652	1
2120	24798233	1
1719	21419746	1
1538	23816631	1
2493	28049429	1
4538	21541088	1
1915	25089538	1
4066	30847765	1
3684	28892148	1
2080	15458689	1
4490	25087203	1
3827	28638112	1
1752	10423683	1
3872	27832322	1
2017	26853993	1
1054	17464171	1
442	11846405	1
1221	24299017	1
2243	28368371	1
4365	31804167	1
25	22427521	1
2624	23431991	1
2960	30079976	1
3205	27546532	1
2740	25269856	1
2272	21697827	1
1291	9510336	1
4651	34495528	1
124	17710084	1
1145	21391905	1
4318	34758253	1
2957	27597741	1
1384	10884518	1
2641	28931639	1
2143	20878594	1
1899	25539566	1
1168	22057347	1
2353	19293570	1
3210	30372816	1
1403	16679041	1
4111	33139537	1
554	19887490	1
1976	26683936	1
2044	26908672	1
4444	32868918	1
3483	28644160	1
3613	30174936	1
3923	31974377	1
3074	29625577	1
4447	32518498	1
3478	28854954	1
550	6141831	1
2537	28902580	1
4190	17995872	1
4065	33107072	1
3486	30401432	1
4097	23638144	1
3128	28087644	1
3798	30629813	1
2504	28366801	1
919	21266528	1
3211	22726826	1
3941	32094342	1
3077	21466499	1
3325	26222134	1
1947	16337699	1
3889	21062272	1
1707	19490560	1
500	19591297	1
2655	29026368	1
250	12783138	1
1920	26137346	1
3368	25869804	1
4554	34509145	1
1	23821377	1
723	23262288	1
617	18085218	1
4194	31953314	1
4206	32081864	1
2248	28872070	1
4183	31322116	1
4638	30738695	1
4084	32132706	1
3542	29625810	1
4345	31786697	1
415	15099521	1
495	20877344	1
4578	34844098	1
2406	27292798	1
13	18976161	1
2224	15813666	1
2711	28333343	1
46	24067267	1
646	12121623	1
4604	33561857	1
2077	19188448	1
751	12437507	1
2046	26531826	1
3882	17901952	1
1904	25961860	1
900	227209	1
1240	25112803	1
4514	33222020	1
234	18025536	1
2114	23398819	1
2453	28049410	1
365	19101078	1
1021	20937825	1
125	10758434	1
477	22659238	1
3456	31722152	1
1560	24452484	1
618	22372512	1
2892	24555495	1
354	25664996	1
699	9013954	1
2605	28800329	1
30	12907332	1
2752	30359297	1
3484	31433920	1
881	18261799	1
1666	20458240	1
1747	22937989	1
2722	27038113	1
2377	18286821	1
2100	27199372	1
2254	8107218	1
2925	30360730	1
853	18590336	1
3804	29790933	1
4612	32764680	1
248	17908160	1
71	9934984	1
40	25432979	1
3150	29051561	1
4017	32266704	1
4525	28807723	1
1096	23558880	1
1801	25140736	1
188	11287619	1
4522	27854211	1
2086	21308160	1
3329	26642816	1
3397	26080409	1
3842	25015138	1
2634	23071271	1
3934	16682449	1
1153	21726209	1
3375	6445538	1
3357	30356097	1
451	22639778	1
64	22166853	1
1106	23728608	1
2197	22426534	1
2510	28264928	1
1472	23133825	1
3582	21051355	1
144	24861628	1
1004	23506900	1
3750	30156344	1
3734	25791336	1
421	19367498	1
3655	10859040	1
2113	26990560	1
3407	22170760	1
1022	8371105	1
3359	24707494	1
3386	30024617	1
2223	26957512	1
1475	2309705	1
4366	964994	1
4386	31868248	1
2870	27737921	1
2182	26527719	1
2501	19212162	1
3413	16802291	1
1018	20301577	1
2869	26262468	1
1662	23033986	1
281	16497603	1
2185	25535848	1
1758	1554817	1
1567	14500064	1
459	23990368	1
3727	22777095	1
3342	25352100	1
3467	28769090	1
960	19449410	1
1326	22178446	1
3718	9038208	1
623	12471897	1
547	21409856	1
90	17875202	1
2101	27825634	1
378	21358851	1
716	16339216	1
3749	28151426	1
4122	9895328	1
1429	11058082	1
929	23889121	1
4674	34864895	1
1029	25023489	1
4160	18095058	1
1924	27939059	1
208	20671200	1
4557	33651100	1
568	23938467	1
3621	30335140	1
2789	28165476	1
4482	32306372	1
4452	32865784	1
3931	32939719	1
1264	15879624	1
3101	30269642	1
3269	29946497	1
572	16600289	1
1547	18495196	1
3659	28256832	1
989	18609312	1
3590	28039207	1
4076	33211864	1
3956	26837253	1
4499	22883843	1
1964	25145264	1
2984	29420164	1
1664	24058594	1
2305	14634212	1
4154	32381682	1
2833	11359936	1
3869	27038440	1
2693	17147521	1
1053	9129142	1
252	23159330	1
2864	29072354	1
4598	33970200	1
2813	27250555	1
4196	31840602	1
1095	22771841	1
4061	32506848	1
1619	1537314	1
3345	11607787	1
1229	16304579	1
2319	24192834	1
3249	27167138	1
4664	28905911	1
1953	25001285	1
2045	25840006	1
2494	28583618	1
3551	29777529	1
2668	20876129	1
3100	29095980	1
3828	29980576	1
1284	23496382	1
4545	34820336	1
282	22669824	1
63	22708672	1
638	19426495	1
3450	17038565	1
1320	22915114	1
3714	25454820	1
4512	21984976	1
2382	27993828	1
438	23097569	1
820	19497860	1
2110	23688323	1
3902	20067169	1
2840	29914976	1
4626	16923466	1
4253	32589708	1
4202	33193411	1
2715	27716994	1
4529	33786465	1
2418	19170077	1
4680	23559264	1
4251	34687906	1
3831	26846354	1
2819	25648260	1
2287	27678529	1
1341	20624389	1
3938	21320832	1
2508	27710791	1
865	24284555	1
3457	27720644	1
3445	213536	1
492	21527744	1
2105	25755186	1
1177	25866560	1
739	23094889	1
2604	2199873	1
2337	27570628	1
4668	34515345	1
942	16687936	1
3388	26600192	1
798	23938467	1
3594	18846913	1
4428	33795866	1
3304	28887402	1
1601	25225357	1
141	20185404	1
3060	29315404	1
992	17387268	1
717	24195105	1
203	20073603	1
226	23150437	1
3042	27567808	1
34	25857641	1
4412	28644160	1
4344	32877651	1
4483	29608833	1
3335	28274826	1
802	2687104	1
380	11600803	1
142	12491809	1
2723	28138723	1
2380	29043067	1
4609	34433061	1
4580	16822951	1
4289	34139436	1
4002	16247561	1
3596	27447964	1
3603	29298433	1
3937	31907968	1
2681	19100272	1
2706	20439976	1
68	23526891	1
710	20596736	1
3602	30232916	1
3838	24850885	1
1855	25883142	1
3041	26184161	1
1732	22012422	1
4023	31660152	1
1146	23913484	1
2582	28959975	1
1751	11558112	1
469	22401313	1
3355	29056305	1
2278	20031296	1
4077	33194624	1
3962	32827525	1
448	17652096	1
4450	33509946	1
1020	22943432	1
4151	27060780	1
3277	24391914	1
4274	31802016	1
2563	28967180	1
706	21097890	1
2867	29044468	1
3434	29280411	1
1974	26269117	1
1566	19377474	1
1988	8748801	1
600	14728392	1
3193	29633730	1
3903	22470656	1
1225	10400606	1
3858	31420533	1
4118	31179159	1
2642	24096524	1
1939	27378659	1
1830	18565120	1
2992	23564842	1
4423	26854601	1
362	24655717	1
2559	27407109	1
2511	16972673	1
4316	22464641	1
1385	18052993	1
1689	22183904	1
75	24400675	1
3498	24412048	1
3261	28512853	1
364	15453953	1
1683	21555561	1
3105	28531264	1
3250	15579677	1
315	17956225	1
4703	33189864	1
817	23492738	1
3777	26464700	1
3046	22099844	1
1892	23980545	1
1554	12869545	1
582	24130305	1
1859	23858437	1
2175	25636961	1
1663	17333538	1
4465	33026212	1
2710	16432264	1
1204	17985985	1
2838	28934466	1
3871	32982407	1
1115	24212578	1
2664	19924226	1
2033	25498373	1
2906	29228113	1
2404	19836866	1
180	24002784	1
4380	30325222	1
98	7630403	1
1068	19297154	1
1626	24222332	1
632	23107647	1
3618	31832001	1
3589	29155416	1
2981	29568396	1
2586	807555	1
3649	27454343	1
1485	9471429	1
412	11810275	1
229	14672993	1
4507	20697349	1
827	15800932	1
4273	31721311	1
3180	29177763	1
522	12354784	1
950	10651109	1
3530	15610081	1
1736	19269254	1
1520	22017410	1
3488	29422962	1
1155	23692283	1
2435	12897057	1
216	22058406	1
417	16309337	1
253	23185200	1
2801	29627873	1
4696	29587878	1
2052	20007090	1
841	24276258	1
443	15046306	1
1286	20307404	1
605	23709494	1
2837	27384849	1
15	22505344	1
971	8663170	1
2841	29129392	1
4629	33594368	1
4354	34177536	1
183	12479811	1
4606	33651100	1
2856	30515690	1
4693	30400011	1
3688	26306821	1
322	17659392	1
3048	26497655	1
1259	23354752	1
1627	7935490	1
151	25326329	1
3059	29540340	1
4640	31494233	1
1008	15833158	1
3835	31949313	1
783	25404635	1
1999	7243138	1
562	22051200	1
3721	28416737	1
1958	22401921	1
88	18758912	1
156	22198720	1
3333	28949931	1
2170	12424707	1
2009	25001601	1
89	10797890	1
1442	25031611	1
1006	25039297	1
4654	34850907	1
2727	21645191	1
3187	28471166	1
1769	27919491	1
1125	16217772	1
166	22870189	1
3441	27884455	1
895	10531621	1
4431	17217369	1
555	14742272	1
2521	28941722	1
1609	19339686	1
2001	15507712	1
2370	12200417	1
1943	11483364	1
2285	25966437	1
2922	25808831	1
1941	22841861	1
2199	27819145	1
846	24887553	1
4373	34022130	1
1891	16856704	1
1524	19296976	1
2196	22084256	1
807	18347777	1
4681	32193744	1
603	25310102	1
3119	17960769	1
1437	21642536	1
331	24903420	1
1951	9556302	1
3185	29217417	1
2974	30145099	1
342	15755703	1
427	19725597	1
2179	26892280	1
138	8389441	1
1661	11854176	1
3987	19863427	1
1433	21504387	1
2883	29670690	1
3000	21910976	1
945	24092417	1
2782	21348815	1
2264	19488064	1
390	10023076	1
3759	29725472	1
3351	27899579	1
1639	19942153	1
2412	27391817	1
1334	23507969	1
4574	25506301	1
1775	25728652	1
122	18039618	1
3894	30244358	1
3896	29615673	1
3977	29380674	1
838	18442953	1
3562	31583637	1
2714	27334944	1
1721	9350040	1
1523	23555954	1
3173	22045904	1
4630	32487680	1
1542	17710084	1
1449	16226240	1
2982	29346345	1
2217	18199584	1
1082	24073031	1
4636	32630050	1
4595	34586808	1
3463	1958563	1
3593	28676261	1
1545	20185571	1
939	18004385	1
2227	25332567	1
1727	26332545	1
3013	28748399	1
3933	32538627	1
4225	33085860	1
2696	23666208	1
2519	27272704	1
1965	7065728	1
523	17961216	1
1507	24174657	1
875	19297348	1
80	21872993	1
4717	34703270	1
1166	16474211	1
430	16864960	1
1024	22265351	1
3322	29212226	1
4287	22090721	1
1132	16524802	1
499	15613860	1
528	24262147	1
3228	29295817	1
2995	28490912	1
2463	26664519	1
227	2536704	1
1026	11960578	1
1387	18712320	1
2005	22343424	1
2938	30214018	1
1599	20423330	1
3140	30299483	1
3660	15482208	1
1072	25870109	1
1283	1546275	1
857	15785984	1
280	22513121	1
2866	28169856	1
3517	28505153	1
1525	16998506	1
2639	26467270	1
4436	31301033	1
4567	32729888	1
3455	17520018	1
4480	31301033	1
2027	22610946	1
3547	29564954	1
1521	23104832	1
4519	29740032	1
478	22703872	1
2462	26566562	1
891	24534531	1
403	23086432	1
2192	27397685	1
2882	23242657	1
1675	20937730	1
890	22551571	1
663	12065219	1
1446	17357954	1
1513	19031171	1
4278	30550780	1
1465	22681587	1
3070	30409806	1
736	10519426	1
3818	30045955	1
4309	32458378	1
170	8577251	1
1728	18567810	1
567	25711427	1
3841	23512844	1
2075	12202480	1
4333	34010605	1
3784	21620994	1
4262	32010240	1
3879	18970928	1
4407	30668632	1
3428	26447779	1
4643	32700456	1
3772	25936768	1
1003	23786947	1
4464	34337769	1
2026	24681537	1
4242	33213893	1
2924	29111842	1
2184	15307105	1
2890	22003227	1
1779	21501600	1
376	11568896	1
317	22190018	1
3435	27069343	1
1777	26732700	1
3898	32062145	1
1190	16284433	1
3768	31859424	1
1966	17504808	1
38	2888163	1
4003	29440704	1
3147	24561791	1
2070	23640458	1
3129	28721824	1
494	23407075	1
3358	22149703	1
2458	27906698	1
4038	29754816	1
1659	15890976	1
1452	17391666	1
1766	26702336	1
1388	19514601	1
4687	22348305	1
2520	19588376	1
1963	3464952	1
1504	19034656	1
3964	32319039	1
1959	18957701	1
1369	23229728	1
1642	11101153	1
3955	30632962	1
1654	20144704	1
2654	28276801	1
1167	23574622	1
1793	27292798	1
1044	21554688	1
1303	22921312	1
1331	19141283	1
1076	19417143	1
2855	24855821	1
1799	25645281	1
1121	24133408	1
3415	28446688	1
2054	25182241	1
2108	22096352	1
1401	9875712	1
620	21493896	1
4657	33261250	1
1668	15665377	1
760	3701378	1
3132	29042212	1
2306	21172801	1
2531	21565911	1
2025	23969033	1
4279	33245860	1
3111	21306953	1
4171	33063909	1
3808	28407921	1
1929	16393992	1
2293	25764216	1
831	15805156	1
3821	29326336	1
3567	25428347	1
1772	25038751	1
2941	29321310	1
824	19463607	1
2430	12011111	1
3767	23300480	1
4227	32698624	1
2125	24797568	1
475	23090625	1
2178	6757857	1
3069	28644160	1
2523	8199664	1
575	16273408	1
3979	30672882	1
67	17333874	1
2043	23036200	1
3786	30629813	1
2933	29554211	1
4319	34511592	1
3009	29444201	1
2686	28527813	1
3908	30776422	1
756	20618441	1
2806	27569544	1
2951	16968736	1
2181	25555396	1
3073	28231809	1
968	21089077	1
2810	26401871	1
1716	20061955	1
1154	23549699	1
3958	30095981	1
1421	23453728	1
659	23272704	1
1701	18640800	1
4039	31650711	1
4174	17985409	1
3227	29583030	1
2794	29358049	1
4597	32055000	1
2608	26336226	1
1776	27780867	1
3817	30354297	1
2239	25330176	1
2472	22058131	1
660	16209346	1
4370	31491713	1
353	8999876	1
1997	18229792	1
2636	24259625	1
3995	33167776	1
2028	10932611	1
1649	23861251	1
1348	20084102	1
65	24307937	1
2937	30069632	1
3543	28830352	1
1715	21519777	1
1390	19403948	1
3866	30763142	1
3026	30362375	1
803	21236481	1
718	19625506	1
1381	9553792	1
3736	29501724	1
4384	31420357	1
1127	20396722	1
2895	27638274	1
894	20339456	1
4707	34885209	1
2876	28729154	1
4419	33789009	1
3471	29198826	1
2539	28905911	1
3711	28515625	1
766	17317955	1
586	24138567	1
590	26406148	1
2717	22905336	1
1846	27118464	1
1232	18622044	1
1093	16343813	1
2021	25310208	1
394	11696736	1
3197	29625577	1
1314	19717633	1
2980	14747968	1
131	24302690	1
1481	22197514	1
4406	2794625	1
2596	28255272	1
3064	26797128	1
2189	26005867	1
2094	19412548	1
3179	22560515	1
2732	24891049	1
2371	25115546	1
3719	29447171	1
3454	25984278	1
834	21053251	1
3203	29455296	1
729	21698923	1
4495	34589977	1
2333	11186112	1
534	25943872	1
2796	29104121	1
3525	29658845	1
2451	2385441	1
3362	25348714	1
1329	19302050	1
3974	32132243	1
998	23861251	1
4267	25620672	1
4306	32784449	1
2891	30097312	1
2619	26820848	1
408	16636294	1
3578	27699276	1
2932	29398176	1
1787	23340677	1
1213	21111234	1
83	23150151	1
330	25712444	1
198	11037190	1
3169	30290833	1
1730	21525416	1
3189	25157031	1
1494	10101186	1
4323	34556108	1
4172	30346880	1
3890	32584192	1
3809	24338594	1
3088	23677804	1
1414	24273314	1
4369	32640132	1
1343	19492354	1
460	7529539	1
3446	29172480	1
644	21824072	1
973	12824356	1
2554	27300674	1
1036	10551340	1
1563	16928193	1
4300	31912800	1
2921	28984872	1
3725	23030360	1
4632	10528385	1
1092	9781936	1
2107	19328768	1
404	12857600	1
1783	27617189	1
1797	9144833	1
3793	32910914	1
2834	28837952	1
2219	27167008	1
2050	27334730	1
72	24037088	1
3675	28968848	1
4686	33199363	1
2115	24925909	1
2831	28941323	1
53	11035915	1
1065	23921808	1
1780	27540107	1
3627	29314147	1
114	17956224	1
3708	26653113	1
150	16487009	1
3309	18088248	1
4126	22571915	1
3537	30216534	1
4201	31377284	1
4652	15776322	1
2165	19451168	1
564	23349825	1
3723	30154186	1
2802	26586303	1
4290	20007090	1
844	23868195	1
4107	31317509	1
2345	21525956	1
2497	28389707	1
3326	29053389	1
3674	30310156	1
4346	20016128	1
4520	24803851	1
8	24114694	1
4093	29938336	1
1488	18025254	1
148	22579715	1
532	20507844	1
2186	8456713	1
66	24122441	1
2202	26265115	1
3712	25640064	1
4218	27320920	1
507	12661284	1
758	24128992	1
2637	11309216	1
272	15731108	1
1480	24331524	1
4205	32227647	1
3281	28622736	1
2703	24942628	1
4550	22573616	1
3159	29764166	1
4129	31514420	1
164	20681793	1
3400	28108451	1
1549	20587619	1
1247	11925409	1
3113	19752190	1
2528	15986406	1
1077	15110149	1
2761	29096012	1
679	21686179	1
1086	19386850	1
2591	27989944	1
2444	16122113	1
2929	30510992	1
462	876685	1
3148	29099642	1
3780	30755297	1
3779	29946048	1
1603	9430721	1
3416	20567999	1
289	8965089	1
4080	15225217	1
2315	23812512	1
693	19846786	1
190	25139258	1
3063	22000320	1
4214	32627752	1
413	10712197	1
3816	33262810	1
2312	3488531	1
3670	27869820	1
655	23398530	1
1357	24148098	1
1013	24261510	1
721	21968872	1
4637	19330720	1
1462	21331745	1
2808	30379987	1
2845	18687123	1
2712	23486470	1
1598	24810496	1
2569	27569544	1
2603	22954624	1
255	25287778	1
1771	26573217	1
1311	24972834	1
1152	24114432	1
324	22166400	1
3997	15301825	1
3272	25706881	1
776	2190528	1
2558	15304099	1
242	23637282	1
2395	25505609	1
3301	29659825	1
3971	26754677	1
4022	16469316	1
981	21044832	1
4001	32087818	1
1394	20797865	1
302	14681476	1
4587	34881402	1
3377	27760321	1
1903	27830641	1
3496	28493654	1
3010	18469850	1
1298	19492354	1
3190	18179629	1
2704	28253710	1
3881	32637154	1
1478	1859393	1
2314	24210139	1
2461	28207168	1
2265	9507713	1
369	17544610	1
1027	8120524	1
1537	24440706	1
3709	27060149	1
2692	28430627	1
3396	24914338	1
581	10492040	1
2387	23509369	1
2729	27626268	1
752	11477602	1
1710	19242563	1
1246	23426625	1
464	17959777	1
4569	34875308	1
4091	18028032	1
107	20821198	1
1292	16332960	1
2787	30127433	1
2865	26613224	1
338	19945378	1
636	19035362	1
2342	28596291	1
2700	10220385	1
3985	31733200	1
4382	32683672	1
119	9596994	1
3783	29684416	1
2979	29166661	1
4599	33661508	1
1837	26733452	1
3706	26808112	1
2767	24268009	1
441	19546072	1
1653	15966213	1
4372	32378175	1
1203	17999592	1
4268	25881961	1
997	16522182	1
3680	28749667	1
1370	20351051	1
4409	24293221	1
21	8186659	1
1209	18329220	1
3696	22623106	1
1332	22891273	1
1539	21209090	1
249	7838464	1
133	24961027	1
2159	24198400	1
1938	22913216	1
3978	28868186	1
4684	34864901	1
3245	27457797	1
4140	32958497	1
4667	20051072	1
1591	18808066	1
1960	18959192	1
4073	31423396	1
613	8154209	1
558	24391396	1
2629	26085900	1
4467	31259104	1
4236	34876240	1
982	12432450	1
479	22138506	1
1173	14703107	1
4573	34755081	1
1578	20621055	1
1585	19294755	1
4596	25726753	1
4474	33274532	1
1518	23337633	1
1678	19704032	1
3477	12596908	1
2099	23446346	1
2758	11099133	1
2349	23275551	1
3503	30169995	1
677	20657287	1
2742	27846416	1
4648	34893673	1
631	24324801	1
994	22359296	1
